SKU;Produto;Preço;Categoria
1063;Boia Cevadeira Gigante 65g Barão N37; R$ 13,36 ;Boias
1055;Boia Cevadeira Tamba 45g Barão N659; R$ 13,52 ;Boias
1047;Boia Cevadeira Grande Sem Rolha 55g Barão N25; R$ 13,36 ;Boias
1066;Cevador Boia Cevadeira 45g Barão; R$ 18,56 ;Boias
1008;Luminoso Luz Química Albatroz 7,5x75mm Cartela C/1 Unidade; R$ 2,80 ;Boias
1003;Cevador Boia Cevadeira Rocket Albatroz; R$ 15,92 ;Boias
1012;Boia Cevadeira Mega 80g Barão N647; R$ 14,32 ;Boias
1020;Boia Cevadeira 70g Avp Pro Fishing Evo ll; R$ 14,00 ;Boias
1093;Boia Cevadeira Mini Vagalume 45g Copo Preto; R$ 12,00 ;Boias
1029;Boia Cevadeira Big Tamba 60g Barão N667; R$ 14,80 ;Boias
1097;Boia Cevadeira Mini Vagalume 45g Copo Branco; R$ 18,63 ;Boias
1095;Boia Cevadeira Vagalume 65g Copo Branco; R$ 22,95 ;Boias
1064;Boia Cevadeira Vagalume 65g Copo Preto; R$ 22,00 ;Boias
1032;Boia Cevadeira Zeus 60g Storny Fishing; R$ 18,00 ;Boias
1014;Boia Cevadeira Poseidon 65g Storny Fishing; R$ 19,00 ;Boias
1002;Boia Cevadeira Atena 50g Storny Fishing; R$ 15,00 ;Boias
1039;Boia Cevadeira Apolo 55g Storny Fishing; R$ 15,90 ;Boias
2002;Anzol Pacu Pinnacle Kh-9500; R$ 8,91 ;Anzol
2036;Anzol Super chinu 4x Black Marine Sports; R$ 12,76 ;Anzol
2032;Anzol Iseama Bravo Meitou; R$ 20,25 ;Anzol
2028;Anzol Koiso Black Crown; R$ 5,72 ;Anzol
2021;Anzol Tinu Sure Kawasemi; R$ 10,80 ;Anzol
2086;Anzol Super Maruseigo Black Marine Sports; R$ 7,92 ;Anzol
2033;Anzol Chinu Sure (sem fisga) Pinnacle Kh-10025; R$ 8,91 ;Anzol
2072;Anzol Iseama Sure (Sem Fisga) Black Crown; R$ 8,91 ;Anzol
2011;Anzol Chinu Ring Pinnacle Kh-10026; R$ 8,91 ;Anzol
2035;Anzol Iseama Black Crown; R$ 8,91 ;Anzol
2073;Anzol Maruseigo Nickel Morigen; R$ 14,85 ;Anzol
2078;Anzol Octopus Black Crown; R$ 10,35 ;Anzol
2051;Anzol Wide Gap Pinnacle Kh-11010 Robaleiro; R$ 10,80 ;Anzol
2096;Anzol Octopus Pinnacle Kh-11007; R$ 8,91 ;Anzol
2063;Anzol Chinu Sure (Sem Fisga) Crown; R$ 8,91 ;Anzol
2015;Anzol Chinu Black Morigen; R$ 15,75 ;Anzol
2057;Anzol Super Cat Fish Crown; R$ 12,33 ;Anzol
2071;Anzol Wide Gap Crown; R$ 9,45 ;Anzol
2081;Anzol Octopus Gamakatsu; R$ 17,55 ;Anzol
2076;Anzol Maruseigo Sure (sem fisga) Pinnacle Kh-10070; R$ 8,10 ;Anzol
2061;Anzol In Line Circle Crown; R$ 13,50 ;Anzol
2065;Anzol Chinu Release (sem Fisga) Kenzaki; R$ 7,92 ;Anzol
2046;Anzol Iseama Bravo Gamakatsu; R$ 28,80 ;Anzol
2087;Anzol Iseama Sure Pinnacle Kh-10073; R$ 8,91 ;Anzol
2062;Anzol Mutsu Ring Light Pinnacle Kh-11034; R$ 13,41 ;Anzol
2079;Anzol Iseama Black Morigen; R$ 17,10 ;Anzol
2074;Anzol Maruseigo Encastoado Celta Ct8100; R$ 8,91 ;Anzol
2092;Anzol Maruseigo Nickel Meitou; R$ 20,16 ;Anzol
2070;Anzol Maruseigo Sure (sem fisga) Crown; R$ 8,91 ;Anzol
2040;Anzol Jig Offset Camalesma; R$ 12,00 ;Anzol
2077;Anzol Jig Head Camalesma C/2; R$ 12,00 ;Anzol
2025;Anzol Offset Ewg Lastreado Camalesma C/2; R$ 9,60 ;Anzol
2009;GARATÉIA VMC 8527 6X FISH FIGHTER SALTWATER C /10; R$ 28,40 ;Anzol
2075;Anzol Offet Ewg Lastreado C/3 Monster 3x; R$ 17,91 ;Anzol
2022;Anzol Offset Ewg C/3 Monster 3x; R$ 12,60 ;Anzol
2017;GARATÉIA SASAME TREBLE TENKA  TEN-1B; R$ 28,00 ;Anzol
2082;Anzol Magna Super Lock Pinnacle Bs-2317 c/ 10un Montagem De Isca Soft; R$ 17,91 ;Anzol
2056;Anzol Maruseigo Nickel Marine Sports; R$ 7,92 ;Anzol
2003;Anzol Chinu Sure (Sem Fisga) Morigen; R$ 17,10 ;Anzol
2043;Anzol Maruseigo Ring Pinnacle Kh-10014; R$ 8,10 ;Anzol
3076;Massa Mafish Fedidinha 200g Vários Sabores; R$ 7,15 ;Iscas e Massas
3007;Massa Mafish Fedidinha 500g Coco & Vermelho; R$ 15,16 ;Iscas e Massas
3093;Elastic Linha Elástica Para Isca Amarrar Fixar Iscas 110 Metros; R$ 5,10 ;Iscas e Massas
3056;Ração Acquamil Furadinha Barão Garrafa 120g Vários Sabores; R$ 7,50 ;Iscas e Massas
3022;Isca Beijinho Japa Fishing 130g Vários Sabores; R$ 10,56 ;Iscas e Massas
3003;Mocotó Moco japa 2.0 Turbinada Japonesa; R$ 11,32 ;Iscas e Massas
3087;Essência P/ Pesca Líquida 100ml Tom Fishing Vários Sabores; R$ 8,55 ;Iscas e Massas
3077;Massa Artesanal 4 Estações Ultra Light Massa Japonesa; R$ 13,15 ;Iscas e Massas
3096;MASSA DO ANDRÉ 500gr P/ TAMBA & TILAPIA; R$ 9,12 ;Iscas e Massas
3049;Pá Cevador Tanaken 66cm Arremesso De Ração; R$ 36,00 ;Iscas e Massas
3043;Massa Quebra Queixo Japonesa 500g; R$ 9,00 ;Iscas e Massas
3063;Massa Carpajapa Tradicional Japonesa 800g; R$ 12,00 ;Iscas e Massas
3040;Massa Tilajapa Japonesa 500g; R$ 9,80 ;Iscas e Massas
3041;Massa TilaJACA 500g Massa Japonesa; R$ 8,75 ;Iscas e Massas
3024;Massa Tilajapa Mix De Frutas Turbinada Com Atrativo Massa Japonesa; R$ 8,75 ;Iscas e Massas
3013;Massa Tilajapa Maracujá Super Carnívora Massa Japonesa; R$ 9,00 ;Iscas e Massas
3005;Atrativo Hidrolisado Mix baits 120ml Essência; R$ 18,90 ;Iscas e Massas
3098;Atrativo Mix Cloud 120ml Essência Mix Baits; R$ 18,90 ;Iscas e Massas
3084;MACARRÃO COZIDO PARA LAMBARI KI ISCAS 50g; R$ 4,00 ;Iscas e Massas
3006;Massa Marvada 400g 3 em 1 Massa Japonesa Lançamento Massa Branca Turbinada; R$ 17,00 ;Iscas e Massas
3054;Ração Chama Na Pele De Frango Furadinha 120g Acquamil Blindada Massa Japonesa; R$ 13,00 ;Iscas e Massas
3092;Ração Chama Na Cerejinha Furadinha 125g Acquamil Blindada Massa Japonesa; R$ 13,00 ;Iscas e Massas
3009;Massa Do João Sem Braço Turbinadinha 200g Pesqueiro; R$ 12,00 ;Iscas e Massas
3012;Ração Chama Na Banana e Mel Furadinha 125g Acquamil Blindada Massa Japonesa; R$ 10,50 ;Iscas e Massas
3073;Massa Mafish Em Pó Fedidinha 200g Vários Sabores; R$ 8,00 ;Iscas e Massas
3034;Ração Chama No Queijo Furadinha 120g Acquamil Blindada Massa Japonesa; R$ 11,40 ;Iscas e Massas
3033;Massa Godzilla Black Manga Japonesa 700g; R$ 15,80 ;Iscas e Massas
3002;Massa Japatomic 800g Japonesa; R$ 13,00 ;Iscas e Massas
3051;Massa Japonesa Tradicional 1kg; R$ 16,79 ;Iscas e Massas
3023;Ração Chama Na Manga Furadinha 120g Acquamil Blindada Massa Japonesa; R$ 10,50 ;Iscas e Massas
3059;Massa Japonesa Tradicional Banana 1kg; R$ 19,00 ;Iscas e Massas
3048;Massa Missô Japonesa 700g; R$ 18,00 ;Iscas e Massas
3021;Massa Godzilla Japonesa 700g; R$ 18,00 ;Iscas e Massas
3090;Massa Tilajapa Red Japonesa 500g; R$ 14,50 ;Iscas e Massas
4030;Carretilha Black Tamba BG 12kg Drag 8.0:1 Maruri; R$ 510,00 ;Carretilhas
4084;Carretilha Krait BG Drag 15kg Albatroz Lançamento 2024; R$ 299,00 ;Carretilhas
4078;Carretilha Brisa Big Game Alarm 2021 Drag 9Kg Marine Sports; R$ 449,00 ;Carretilhas
4008;Carretilha Black Eagle Gts Marine Sports 190g 7kg Drag; R$ 799,00 ;Carretilhas
4057;Carretilha Forza 400 Drag 13kg 8.1:1 Marine Sports; R$ 699,00 ;Carretilhas
4007;Carretilha Forza Big Game 8.0:1 Drag 10Kg Marine Sports; R$ 399,00 ;Carretilhas
4029;Carretilha Black Snake BG Red Drag 14kg Albatroz; R$ 439,90 ;Carretilhas
4055;Carretilha Black Snake BG Green Drag 14kg Albatroz; R$ 1.099,00 ;Carretilhas
4026;Carretilha Tatula 200 hs/hsl 7.3:1 Daiwa; R$ 649,90 ;Carretilhas
4063;Carretilha Bronx 300 Maruri Drag 15kg; R$ 279,00 ;Carretilhas
4065;CARRETILHA MARINE SPORTS TORNADO BIG GAME; R$ 399,00 ;Carretilhas
5098;Kit Vara e Carretilha Para Pesqueiro - Manjuba Advance 2,40m Ação Rápida + M21 Pro Drag 9kg; R$ 299,10 ;Kit Pesqueiros
5051;Kit Vara e Carretilha Para Pesqueiro -  Sparta 2,40m Vermelha + M21 Pro Drag 9kg; R$ 368,20 ;Kit Pesqueiros
5039;Kit Vara e Carretilha Para Pesqueiro - Sparta 2,40m Branca + V73 Drag 8Kg; R$ 464,00 ;Kit Pesqueiros
5066;Kit Vara e Carretilha Para Pesqueiro - Sparta 2,40m Vermelha + V73 Drag 8Kg; R$ 464,00 ;Kit Pesqueiros
5088;Kit Vara e Carretilha Para Pesqueiro -  Sparta 2,40m Branca + M21 Pro Drag 9kg; R$ 368,20 ;Kit Pesqueiros
5024;Kit Vara e Carretilha Para Pesqueiro - Albacora 2,40m Ação Rápida + m21 Pro Drag 9kg; R$ 349,10 ;Kit Pesqueiros
5044;Kit Vara e Carretilha Para Pesqueiro - Albacora 2,40m Ação Rápida + Versus 8000 Drag 6kg; R$ 508,90 ;Kit Pesqueiros
5013;Kit Vara e Carretilha Para Pesqueiro - Vara Sparta 2,40m Branca + S22 Drag 7kg; R$ 500,00 ;Kit Pesqueiros
5055;Kit Vara e Carretilha Para Pesqueiro - Pirá 2,10m Fibra De Vidro + M21 Pro Drag 9Kg; R$ 320,00 ;Kit Pesqueiros
5086;Kit Vara e Carretilha Para Pesqueiro - Pirá 2,10m Fibra De Vidro + S22 Drag 7Kg; R$ 260,00 ;Kit Pesqueiros
5100;Kit Vara e Carretilha Para Pesqueiro - Albacora 2,40m Ação Rápida + S22 Drag 7kg; R$ 420,00 ;Kit Pesqueiros
5043;Kit Black Eagle Marine Sports - Vara 2,40m 50 Lbs + Carretilha Black Eagle; R$ 799,00 ;Kit Pesqueiros
6071;Linha Stum Soft Amarela Albatroz 300m; R$ 18,08 ;Linhas
6050;Linha Super Raiglon Tournament 100m Marine Sports; R$ 16,11 ;Linhas
6084;Linha Dourado 100g Mazzaferro P/ Chicote; R$ 29,90 ;Linhas
6057;Linha Dourado 250g Mazzaferro P/ Chicote; R$ 44,00 ;Linhas
6051;Linha Bf Nylon Daiwa Yellow 300m; R$ 31,92 ;Linhas
6097;LINHA CROWN FIBER SOFT YELLOW 500m; R$ 50,40 ;Linhas
6087;Linha Super Bass Soft Azul 250m Marine Sports; R$ 49,60 ;Linhas
6039;Linha Super Bass Soft Amarela 250m Marine Sports; R$ 49,60 ;Linhas
6023;Linha Camu Xt Ottoni Camuflagem Carretel Grande; R$ 35,00 ;Linhas
6095;LINHA CROWN PRO TAMBA SOFT PINK 600m; R$ 66,00 ;Linhas
6024;Linha Dura New Laranja Artemis Com 300m; R$ 39,15 ;Linhas
6070;Linha Dura New Azul Artemis Com 500m; R$ 53,33 ;Linhas
6046;Linha Titanium Crown Carretel com 500m; R$ 34,20 ;Linhas
6027;Linha Dura New Laranja Artemis Com 500m; R$ 53,91 ;Linhas
6088;Linha Dura New Amarela Artemis Com 500m; R$ 53,91 ;Linhas
6099;LINHA CROWN FIBER SOFT YELLOW 250m; R$ 32,00 ;Linhas
6072;Linha Rocket 500m Monofilamento Jr Pesca Pesqueiro; R$ 36,00 ;Linhas
6030;Linha Dura New Rosa Artemis Com 300m; R$ 44,96 ;Linhas
6085;Linha Dura New Azul Artemis Com 300m; R$ 39,15 ;Linhas
6008;Linha Elite Long Cast MxPesca 300m Várias Cores; R$ 33,44 ;Linhas
6009;LINHA CROWN PRO TAMBA SOFT ORANGE 300m; R$ 38,40 ;Linhas
6004;Linha Dura New Amarela Artemis Com 100m; R$ 14,31 ;Linhas
6020;LINHA MARURI MAX SOFT AZUL 300m; R$ 20,40 ;Linhas
6007;Linha f-2 Soft Amarela Rolo Com 300m Celta; R$ 31,20 ;Linhas
6089;Linha Pt50 Soft Maruri 300m; R$ 20,00 ;Linhas
6028;Linha Best Cast Araty 300m Azul; R$ 13,60 ;Linhas
6068;Linha Best Cast Araty 300m Amarela; R$ 15,12 ;Linhas
6058;Linha Duranew Amarela 300m Artemis Dura new; R$ 41,85 ;Linhas
6076;Linha Onix Invisible Fastline Monofilamento Rolo Grande; R$ 34,40 ;Linhas
6006;Linha F-2 Soft Amarela Rolo com 600m Celta; R$ 40,00 ;Linhas
6061;Linha Tamba Max Soft Com 500m Albatroz; R$ 39,90 ;Linhas
6029;Linha Platinum Carbon Clear 100m Transparente Monofilamento Ottoni; R$ 11,20 ;Linhas
7036;MOLINETE TIGA 600 2022; R$ 160,00 ;Molinetes
7055;MOLINETE ALBATROZ CURIO G2; R$ 195,00 ;Molinetes
7067;Molinete XT Marine Sports; R$ 150,00 ;Molinetes
7041;Molinete Joker 800 Maruri Ultra Light Várias Cores; R$ 200,00 ;Molinetes
7081;MOLINETE SHIMANO SIENNA 4000; R$ 340,00 ;Molinetes
7072;Molinete Contest Maruri 4000; R$ 310,00 ;Molinetes
7009;Molinete Thunnus 6500 30kg Drag Marine Sports Pesca Pesada By Johhny Hoffman; R$ 1.100,00 ;Molinetes
7049;Molinete Bravus 9000 Albatroz Long Cast Praia; R$ 320,00 ;Molinetes
7057;Molinete Versus 4bb Marine Sports Carretel Alumínio; R$ 287,00 ;Molinetes
7059;Molinete Wp1000 Albatroz Com Linha; R$ 60,00 ;Molinetes
7005;MOLINETE MARINE SPORTS NEW ARENA 2023; R$ 70,00 ;Molinetes
7015;MOLINETE MARURI JOKER VERMELHO 3000; R$ 230,00 ;Molinetes
7068;MOLINETE MARURI ICONIC GREY 800 ULTRA LIGHT; R$ 150,00 ;Molinetes
7051;MOLINETE MARURI STAR NEXUS 4 ROLAMENTOS; R$ 180,00 ;Molinetes
7024;MOLINETE MARURI AUDAX 5 ROLAMENTOS; R$ 220,00 ;Molinetes
7091;MOLINETE SAINT PLUS SATURNO DUO 4BB; R$ 170,00 ;Molinetes
7044;MOLINETE SHIMANO FX FC FRICÇÃO DIANTEIRA; R$ 260,00 ;Molinetes
